line	token	word	deprel	head_line	head_token
1	1	Vergine	amod	1	2
1	2	Madre	vocative	4	3
1	3	figlia	appos	1	2
1	4	del	case	1	6
1	5	tuo	det:poss	1	6
1	6	figlio	nmod	1	3
2	1	umile	appos	4	1
2	2	e	cc	2	3
2	3	alta	appos	4	1
2	4	più	advmod	2	3
2	5	che	case	2	6
2	6	creatura	obl	2	3
3	1	termine	appos	4	1
3	2	fisso	amod	3	1
3	3	d'	case	3	5
3	4	etterno	amod	3	5
3	5	consiglio	nmod	3	1
4	1	tu	nsubj	4	3
4	2	se'	cop	4	3
4	3	colei	root	0	0
4	4	che	obj	5	1
4	5	l'	det	4	7
4	6	umana	amod	4	7
4	7	natura	nsubj	5	1
5	1	nobilitasti	acl:relcl	4	3
5	2	sì	advmod	5	1
5	3	che	mark	6	2
5	4	'l	det	5	6
5	5	suo	det:poss	5	6
5	6	fattore	nsubj	6	2
6	1	non	advmod	6	2
6	2	disdegnò	advcl	5	1
6	3	di	case	6	4
6	4	farsi	xcomp	6	2
6	5	sua	det:poss	6	6
6	6	fattura	obj	6	4
7	1	Nel	case	7	2
7	2	ventre	obl	7	5
7	3	tuo	det:poss	7	2
7	4	si	expl	7	5
7	5	raccese	root	0	0
7	6	l'	det	7	7
7	7	amore	nsubj	7	5
8	1	per	case	8	4
8	2	lo	det	8	4
8	3	cui	nmod	8	4
8	4	caldo	obl	9	3
8	5	ne	case	8	8
8	6	l'	det	8	8
8	7	etterna	amod	8	8
8	8	pace	obl	9	3
9	1	così	advmod	9	3
9	2	è	aux	9	3
9	3	germinato	advcl	7	5
9	4	questo	det	9	5
9	5	fiore	nsubj	9	3
10	1	Qui	advmod	10	6
10	2	se'	cop	10	6
10	3	a	case	10	4
10	4	noi	obl	10	6
10	5	meridïana	amod	10	6
10	6	face	root	0	0
11	1	di	case	11	2
11	2	caritate	nmod	10	6
11	3	e	cc	12	4
11	4	giuso	advmod	12	4
11	5	intra	case	11	6
11	6	mortali	obl	12	4
12	1	se'	cop	12	4
12	2	di	case	12	3
12	3	speranza	nmod	12	4
12	4	fontana	conj	10	6
12	5	vivace	amod	12	4
13	1	Donna	vocative	13	2
13	2	se'	root	0	0
13	3	tanto	advmod	13	4
13	4	grande	xcomp	13	2
13	5	e	cc	13	7
13	6	tanto	advmod	13	7
13	7	vali	conj	13	2
14	1	che	mark	15	3
14	2	qual	nsubj	14	3
14	3	vuol	acl:relcl	15	2
14	4	grazia	obj	14	3
14	5	e	cc	14	9
14	6	a	case	14	7
14	7	te	obl	14	9
14	8	non	advmod	14	9
14	9	ricorre	conj	14	3
15	1	sua	det	15	2
15	2	disïanza	nsubj	15	3
15	3	vuol	advcl	13	4
15	4	volar	xcomp	15	3
15	5	sanz'	case	15	6
15	6	ali	obl	15	4
16	1	La	det	16	3
16	2	tua	det:poss	16	3
16	3	benignità	nsubj	16	6
16	4	non	advmod	16	6
16	5	pur	advmod	16	6
16	6	soccorre	root	0	0
17	1	a	case	17	3
17	2	chi	nsubj	17	3
17	3	domanda	obl	16	6
17	4	ma	cc	18	4
17	5	molte	det	17	6
17	6	fïate	obl	18	4
18	1	liberamente	advmod	18	4
18	2	al	case	18	3
18	3	dimandar	obl	18	4
18	4	precorre	conj	16	6
19	1	In	case	19	2
19	2	te	obl	20	7
19	3	misericordia	nsubj	20	7
19	4	in	case	19	5
19	5	te	obl	20	7
19	6	pietate	conj	19	3
20	1	in	case	20	2
20	2	te	obl	20	7
20	3	magnificenza	conj	19	6
20	4	in	case	20	5
20	5	te	obl	20	7
20	6	s'	expl	20	7
20	7	aduna	root	0	0
21	1	quantunque	nsubj	21	4
21	2	in	case	21	3
21	3	creatura	obl	21	4
21	4	è	conj	20	3
21	5	di	case	21	6
21	6	bontate	obl	21	4
22	1	Or	advmod	25	1
22	2	questi	nsubj	25	1
22	3	che	nsubj	23	7
22	4	da	case	22	7
22	5	l'	det	22	7
22	6	infima	amod	22	7
22	7	lacuna	obl	23	7
23	1	de	case	23	3
23	2	l'	det	23	3
23	3	universo	nmod	22	7
23	4	infin	advmod	23	7
23	5	qui	advmod	23	7
23	6	ha	aux	23	7
23	7	vedute	acl:relcl	22	2
24	1	le	det	24	2
24	2	vite	obj	23	7
24	3	spiritali	amod	24	2
24	4	ad	case	24	5
24	5	una	obl	23	7
24	6	ad	case	24	7
24	7	una	conj	24	5
25	1	supplica	root	0	0
25	2	a	case	25	3
25	3	te	obl	25	1
25	4	per	case	25	5
25	5	grazia	obl	25	1
25	6	di	case	25	7
25	7	virtute	nmod	25	5
26	1	tanto	advmod	25	1
26	2	che	mark	26	7
26	3	possa	aux	26	7
26	4	con	case	26	6
26	5	li	det	26	6
26	6	occhi	obl	26	7
26	7	levarsi	advcl	25	1
27	1	più	advmod	27	2
27	2	alto	obl	26	7
27	3	verso	case	27	6
27	4	l'	det	27	6
27	5	ultima	amod	27	6
27	6	salute	obl	26	7
28	1	E	cc	30	2
28	2	io	nsubj	30	2
28	3	che	nsubj	28	9
28	4	mai	advmod	28	9
28	5	per	case	28	7
28	6	mio	det:poss	28	7
28	7	veder	obl	28	9
28	8	non	advmod	28	9
28	9	arsi	acl:relcl	28	2
29	1	più	advmod	28	9
29	2	ch'	mark	29	4
29	3	i'	nsubj	29	4
29	4	fo	advcl	28	9
29	5	per	case	29	7
29	6	lo	det	29	7
29	7	suo	obl	29	4
29	8	tutti	det	29	10
29	9	miei	det:poss	29	10
29	10	prieghi	obj	30	2
30	1	ti	iobj	30	2
30	2	porgo	root	0	0
30	3	e	cc	30	4
30	4	priego	conj	30	2
30	5	che	mark	30	8
30	6	non	advmod	30	8
30	7	sieno	cop	30	8
30	8	scarsi	ccomp	30	4
31	1	perché	mark	31	6
31	2	tu	nsubj	31	6
31	3	ogne	det	31	4
31	4	nube	obj	31	6
31	5	li	obj	31	6
31	6	disleghi	advcl	30	4
32	1	di	case	32	3
32	2	sua	det:poss	32	3
32	3	mortalità	obl	31	6
32	4	co'	case	32	5
32	5	prieghi	obl	31	6
32	6	tuoi	det:poss	32	5
33	1	sì	advmod	33	8
33	2	che	mark	33	8
33	3	'l	det	33	5
33	4	sommo	amod	33	5
33	5	piacer	nsubj	33	8
33	6	li	obj	33	8
33	7	si	expl	33	8
33	8	dispieghi	advcl	31	6
34	1	Ancor	advmod	34	3
34	2	ti	iobj	34	3
34	3	priego	root	0	0
34	4	regina	vocative	34	3
34	5	che	mark	34	6
34	6	puoi	ccomp	34	3
35	1	ciò	obj	34	6
35	2	che	obj	35	4
35	3	tu	nsubj	35	4
35	4	vuoli	acl:relcl	35	1
35	5	che	mark	35	6
35	6	conservi	ccomp	34	3
35	7	sani	amod	36	5
36	1	dopo	case	36	3
36	2	tanto	amod	36	3
36	3	veder	obl	35	6
36	4	li	det	36	5
36	5	affetti	obj	35	6
36	6	suoi	amod	36	5
37	1	Vinca	root	0	0
37	2	tua	det	37	3
37	3	guardia	nsubj	37	1
37	4	i	det	37	5
37	5	movimenti	obj	37	1
37	6	umani	amod	37	5
38	1	vedi	conj	37	1
38	2	Beatrice	obj	38	1
38	3	con	case	38	5
38	4	quanti	det	38	5
38	5	beati	obl	38	1
39	1	per	case	39	4
39	2	li	det	39	4
39	3	miei	det	39	4
39	4	prieghi	obl	39	6
39	5	ti	iobj	39	6
39	6	chiudon	acl:relcl	38	5
39	7	le	det	39	8
39	8	mani	obj	39	6
40	1	Li	det	40	2
40	2	occhi	nsubj	41	6
40	3	da	case	40	4
40	4	Dio	obl	40	5
40	5	diletti	amod	40	2
40	6	e	cc	40	7
40	7	venerati	conj	40	5
41	1	fissi	amod	40	2
41	2	ne	case	41	4
41	3	l'	det	41	4
41	4	orator	obl	41	1
41	5	ne	obl	41	6
41	6	dimostraro	root	0	0
42	1	quanto	mark	42	7
42	2	i	det	42	4
42	3	devoti	amod	42	4
42	4	prieghi	nsubj	42	7
42	5	le	iobj	42	7
42	6	son	cop	42	7
42	7	grati	ccomp	41	6
43	1	indi	advmod	43	7
43	2	a	case	43	5
43	3	l'	det	43	5
43	4	etterno	amod	43	5
43	5	lume	obl	43	7
43	6	s'	obj	43	7
43	7	addrizzaro	conj	41	6
44	1	nel	case	44	2
44	2	qual	obl	44	9
44	3	non	advmod	44	5
44	4	si	expl	44	5
44	5	dee	aux	44	6
44	6	creder	acl:relcl	43	5
44	7	che	mark	44	9
44	8	s'	obj	44	9
44	9	invii	ccomp	44	6
45	1	per	case	45	2
45	2	creatura	obl	44	9
45	3	l'	det	45	4
45	4	occhio	nsubj	44	9
45	5	tanto	advmod	45	6
45	6	chiaro	amod	45	4
46	1	E	cc	48	7
46	2	io	nsubj	48	7
46	3	ch'	nsubj	47	1
46	4	al	case	46	5
46	5	fine	obl	47	1
46	6	di	case	46	9
46	7	tutt'	det	46	9
46	8	i	det	46	9
46	9	disii	nmod	46	5
47	1	appropinquava	acl:relcl	46	2
47	2	sì	advmod	47	5
47	3	com'	mark	47	5
47	4	io	nsubj	47	5
47	5	dovea	advcl	47	1
48	1	l'	det	48	2
48	2	ardor	obj	48	7
48	3	del	case	48	4
48	4	desiderio	nmod	48	2
48	5	in	case	48	6
48	6	me	obl	48	7
48	7	finii	root	0	0
49	1	Bernardo	nsubj	49	3
49	2	m'	iobj	49	3
49	3	accennava	root	0	0
49	4	e	cc	49	5
49	5	sorridea	conj	49	3
50	1	perch'	mark	50	3
50	2	io	nsubj	50	3
50	3	guardassi	advcl	49	3
50	4	suso	advmod	50	3
50	5	ma	cc	50	7
50	6	io	nsubj	50	7
50	7	era	conj	49	3
51	1	già	advmod	50	7
51	2	per	case	51	3
51	3	me	obl	50	7
51	4	stesso	appos	51	3
51	5	tal	attr	50	7
51	6	qual	obj	51	8
51	7	ei	nsubj	51	8
51	8	volea	acl	51	5
52	1	ché	mark	53	5
52	2	la	det	52	4
52	3	mia	det:poss	52	4
52	4	vista	nsubj	53	5
52	5	venendo	advcl	53	5
52	6	sincera	xcomp	52	5
53	1	e	cc	53	4
53	2	più	advmod	53	5
53	3	e	cc	53	4
53	4	più	conj	53	2
53	5	intrava	advcl	50	7
53	6	per	case	53	8
53	7	lo	det	53	8
53	8	raggio	obl	53	5
54	1	de	case	54	4
54	2	l'	det	54	4
54	3	alta	amod	54	4
54	4	luce	nmod	53	8
54	5	che	nsubj	54	8
54	6	da	case	54	7
54	7	sé	obl	54	8
54	8	è	acl:relcl	54	4
54	9	vera	attr	54	8
55	1	Da	case	55	3
55	2	quinci	advmod	55	3
55	3	innanzi	advmod	55	8
55	4	il	det	55	6
55	5	mio	det:poss	55	6
55	6	veder	nsubj	55	8
55	7	fu	cop	55	8
55	8	maggio	root	0	0
56	1	che	mark	56	4
56	2	'l	det	56	3
56	3	parlar	nsubj	56	4
56	4	mostra	advcl	55	8
56	5	ch'	nsubj	56	9
56	6	a	case	56	8
56	7	tal	det	56	8
56	8	vista	obl	56	9
56	9	cede	acl:relcl	56	3
57	1	e	cc	57	2
57	2	cede	conj	56	9
57	3	la	det	57	4
57	4	memoria	nsubj	57	2
57	5	a	case	57	7
57	6	tanto	det	57	7
57	7	oltraggio	obl	57	2
58	1	Qual	attr	58	2
58	2	è	conj	61	2
58	3	colüi	nsubj	58	2
58	4	che	nsubj	58	6
58	5	sognando	advmod	58	6
58	6	vede	acl:relcl	58	3
59	1	che	mark	60	1
59	2	dopo	case	59	4
59	3	'l	det	59	4
59	4	sogno	obl	60	1
59	5	la	det	59	6
59	6	passione	nsubj	60	1
59	7	impressa	amod	59	6
60	1	rimane	ccomp	58	6
60	2	e	cc	60	9
60	3	l'	det	60	4
60	4	altro	nsubj	60	9
60	5	a	case	60	7
60	6	la	det	60	7
60	7	mente	obl	60	9
60	8	non	advmod	60	9
60	9	riede	conj	60	1
61	1	cotal	attr	61	2
61	2	son	root	0	0
61	3	io	nsubj	61	2
61	4	ché	mark	61	7
61	5	quasi	advmod	61	7
61	6	tutta	amod	62	2
61	7	cessa	advcl	61	2
62	1	mia	det:poss	62	2
62	2	visïone	nsubj	61	7
62	3	e	cc	62	6
62	4	ancor	advmod	62	6
62	5	mi	iobj	62	6
62	6	distilla	conj	61	7
63	1	nel	case	63	2
63	2	core	obl	62	6
63	3	il	det	63	4
63	4	dolce	obj	62	6
63	5	che	nsubj	63	6
63	6	nacque	acl:relcl	63	4
63	7	da	case	63	8
63	8	essa	obl	63	6
64	1	Così	advmod	64	7
64	2	la	det	64	3
64	3	neve	nsubj	64	7
64	4	al	case	64	5
64	5	sol	obl	64	7
64	6	si	expl	64	7
64	7	disigilla	root	0	0
65	1	così	advmod	66	2
65	2	al	case	65	3
65	3	vento	obl	66	2
65	4	ne	case	65	6
65	5	le	det	65	6
65	6	foglie	obl	66	2
65	7	levi	amod	65	6
66	1	si	expl	66	2
66	2	perdea	conj	64	7
66	3	la	det	66	4
66	4	sentenza	nsubj	66	2
66	5	di	case	66	6
66	6	Sibilla	nmod	66	4
67	1	O	discourse	67	3
67	2	somma	amod	67	3
67	3	luce	vocative	69	1
67	4	che	nsubj	67	7
67	5	tanto	advmod	67	7
67	6	ti	expl	67	7
67	7	levi	acl:relcl	67	3
68	1	da'	case	68	2
68	2	concetti	obl	67	7
68	3	mortali	amod	68	2
68	4	a	case	68	7
68	5	la	det	68	7
68	6	mia	det:poss	68	7
68	7	mente	obl	69	1
69	1	ripresta	root	0	0
69	2	un	det	69	3
69	3	poco	obj	69	1
69	4	di	case	69	5
69	5	quel	nmod	69	3
69	6	che	nsubj	69	7
69	7	parevi	acl:relcl	69	5
70	1	e	cc	70	2
70	2	fa	conj	69	1
70	3	la	det	70	4
70	4	lingua	obj	70	2
70	5	mia	det:poss	70	4
70	6	tanto	advmod	70	7
70	7	possente	xcomp	70	2
71	1	ch'	mark	72	2
71	2	una	det	71	3
71	3	favilla	nsubj	72	2
71	4	sol	amod	71	3
71	5	de	case	71	8
71	6	la	det	71	8
71	7	tua	det:poss	71	8
71	8	gloria	nmod	71	3
72	1	possa	aux	72	2
72	2	lasciare	advcl	70	2
72	3	a	case	72	6
72	4	la	det	72	6
72	5	futura	amod	72	6
72	6	gente	obl	72	2
73	1	ché	mark	75	3
73	2	per	case	73	3
73	3	tornare	advcl	75	3
73	4	alquanto	advmod	73	3
73	5	a	case	73	7
73	6	mia	det:poss	73	7
73	7	memoria	obl	73	3
74	1	e	cc	74	3
74	2	per	case	74	3
74	3	sonare	advcl	75	3
74	4	un	det	74	5
74	5	poco	advmod	74	3
74	6	in	case	74	8
74	7	questi	det	74	8
74	8	versi	obl	74	3
75	1	più	advmod	75	3
75	2	si	expl	75	3
75	3	conceperà	advcl	69	1
75	4	di	case	75	6
75	5	tua	det:poss	75	6
75	6	vittoria	obl	75	3
76	1	Io	nsubj	76	2
76	2	credo	root	0	0
76	3	per	case	76	5
76	4	l'	det	76	5
76	5	acume	obl	76	2
76	6	ch'	obj	76	8
76	7	io	nsubj	76	8
76	8	soffersi	acl:relcl	76	5
77	1	del	case	77	3
77	2	vivo	amod	77	3
77	3	raggio	obl	76	8
77	4	ch'	mark	77	7
77	5	i'	nsubj	77	7
77	6	sarei	aux	77	7
77	7	smarrito	ccomp	76	2
78	1	se	mark	78	8
78	2	li	det	78	3
78	3	occhi	nsubj	78	8
78	4	miei	det:poss	78	3
78	5	da	case	78	6
78	6	lui	obl	78	8
78	7	fossero	aux	78	8
78	8	aversi	advcl	77	7
79	1	E'	cc	79	3
79	2	mi	iobj	79	3
79	3	ricorda	root	0	0
79	4	ch'	mark	79	8
79	5	io	nsubj	79	8
79	6	fui	cop	79	8
79	7	più	advmod	79	8
79	8	ardito	ccomp	79	3
80	1	per	case	80	2
80	2	questo	obl	79	8
80	3	a	case	80	4
80	4	sostener	xcomp	79	8
80	5	tanto	advmod	80	4
80	6	ch'	mark	80	8
80	7	i'	nsubj	80	8
80	8	giunsi	advcl	80	4
81	1	l'	det	81	2
81	2	aspetto	obj	80	8
81	3	mio	amod	81	2
81	4	col	case	81	5
81	5	valore	obl	80	8
81	6	infinito	amod	81	5
82	1	Oh	discourse	82	3
82	2	abbondante	amod	82	3
82	3	grazia	root	0	0
82	4	ond'	obl	82	6
82	5	io	nsubj	82	6
82	6	presunsi	acl:relcl	82	3
83	1	ficcar	xcomp	82	6
83	2	lo	det	83	3
83	3	viso	obj	83	1
83	4	per	case	83	6
83	5	la	det	83	6
83	6	luce	obl	83	1
83	7	etterna	amod	83	6
84	1	tanto	advmod	82	6
84	2	che	mark	84	6
84	3	la	det	84	4
84	4	veduta	obj	84	6
84	5	vi	obl	84	6
84	6	consunsi	advcl	82	6
85	1	Nel	case	85	3
85	2	suo	det:poss	85	3
85	3	profondo	obl	85	4
85	4	vidi	root	0	0
85	5	che	mark	85	7
85	6	s'	expl	85	7
85	7	interna	ccomp	85	4
86	1	legato	acl	87	1
86	2	con	case	86	3
86	3	amore	obl	86	1
86	4	in	case	86	6
86	5	un	det	86	6
86	6	volume	obl	86	1
87	1	ciò	nsubj	85	7
87	2	che	nsubj	87	7
87	3	per	case	87	5
87	4	l'	det	87	5
87	5	universo	obl	87	7
87	6	si	expl	87	7
87	7	squaderna	acl:relcl	87	1
88	1	sustanze	appos	87	1
88	2	e	cc	88	3
88	3	accidenti	conj	88	1
88	4	e	cc	88	6
88	5	lor	det:poss	88	6
88	6	costume	conj	88	1
89	1	quasi	advmod	89	2
89	2	conflati	acl	87	1
89	3	insieme	advmod	89	2
89	4	per	case	89	6
89	5	tal	det	89	6
89	6	modo	obl	85	7
90	1	che	mark	90	6
90	2	ciò	nsubj	90	6
90	3	ch'	obj	90	5
90	4	i'	nsubj	90	5
90	5	dico	acl:relcl	90	2
90	6	è	advcl	89	6
90	7	un	det	90	9
90	8	semplice	amod	90	9
90	9	lume	attr	90	6
91	1	La	det	91	2
91	2	forma	obj	92	4
91	3	universal	amod	91	2
91	4	di	case	91	6
91	5	questo	det	91	6
91	6	nodo	nmod	91	2
92	1	credo	root	0	0
92	2	ch'	mark	92	4
92	3	i'	nsubj	92	4
92	4	vidi	ccomp	92	1
92	5	perché	mark	92	8
92	6	più	advmod	92	8
92	7	di	case	92	8
92	8	largo	advcl	92	4
93	1	dicendo	advcl	93	4
93	2	questo	obj	93	1
93	3	mi	expl	93	4
93	4	sento	conj	92	1
93	5	ch'	mark	93	7
93	6	i'	nsubj	93	7
93	7	godo	ccomp	93	4
94	1	Un	det	94	2
94	2	punto	nsubj	94	7
94	3	solo	amod	94	2
94	4	m'	iobj	94	5
94	5	è	cop	94	7
94	6	maggior	amod	94	7
94	7	letargo	root	0	0
95	1	che	mark	95	3
95	2	venticinque	nummod	95	3
95	3	secoli	obl	94	7
95	4	a	case	95	6
95	5	la	det	95	6
95	6	'mpresa	nmod	95	3
96	1	che	obj	96	2
96	2	fé	acl:relcl	95	6
96	3	Nettuno	nsubj	96	2
96	4	ammirar	xcomp	96	2
96	5	l'	det	96	6
96	6	ombra	obj	96	4
96	7	d'	case	96	8
96	8	Argo	nmod	96	6
97	1	Così	advmod	98	1
97	2	la	det	97	3
97	3	mente	nsubj	98	1
97	4	mia	amod	97	3
97	5	tutta	advmod	97	6
97	6	sospesa	acl	97	3
98	1	mirava	root	0	0
98	2	fissa	advmod	98	1
98	3	immobile	conj	98	2
98	4	e	cc	98	5
98	5	attenta	conj	98	3
99	1	e	cc	99	5
99	2	sempre	advmod	99	5
99	3	di	case	99	4
99	4	mirar	obl	99	6
99	5	faceasi	conj	98	1
99	6	accesa	xcomp	99	5
100	1	A	case	100	3
100	2	quella	det	100	3
100	3	luce	obl	100	6
100	4	cotal	amod	100	3
100	5	si	expl	100	6
100	6	diventa	root	0	0
101	1	che	mark	102	2
101	2	volgersi	nsubj	102	2
101	3	da	case	101	4
101	4	lei	obl	101	2
101	5	per	case	101	7
101	6	altro	amod	101	7
101	7	aspetto	obl	101	2
102	1	è	cop	102	2
102	2	impossibil	advcl	100	6
102	3	che	mark	102	6
102	4	mai	advmod	102	6
102	5	si	expl	102	6
102	6	consenta	csubj	102	2
103	1	però	advmod	104	3
103	2	che	mark	104	3
103	3	'l	det	103	4
103	4	ben	nsubj	104	3
103	5	ch'	nsubj	103	6
103	6	è	acl:relcl	103	4
103	7	del	case	103	8
103	8	volere	nmod	103	9
103	9	obietto	attr	103	6
104	1	tutto	advmod	104	3
104	2	s'	expl	104	3
104	3	accoglie	advcl	100	6
104	4	in	case	104	5
104	5	lei	obl	104	3
104	6	e	cc	105	2
104	7	fuor	obl	105	2
104	8	di	case	104	9
104	9	quella	nmod	104	7
105	1	è	cop	105	2
105	2	defettivo	conj	104	3
105	3	ciò	nsubj	105	2
105	4	ch'	nsubj	105	5
105	5	è	acl:relcl	105	3
105	6	lì	advmod	105	7
105	7	perfetto	attr	105	5
106	1	Omai	advmod	106	4
106	2	sarà	cop	106	4
106	3	più	advmod	106	4
106	4	corta	root	0	0
106	5	mia	det:poss	106	6
106	6	favella	nsubj	106	4
107	1	pur	advmod	107	3
107	2	a	case	107	3
107	3	quel	obl	106	4
107	4	ch'	obj	107	6
107	5	io	nsubj	107	6
107	6	ricordo	acl:relcl	107	3
107	7	che	mark	106	4
107	8	d'	case	107	10
107	9	un	det	107	10
107	10	fante	obl	106	4
108	1	che	nsubj	108	2
108	2	bagni	acl:relcl	107	10
108	3	ancor	advmod	108	2
108	4	la	det	108	5
108	5	lingua	obj	108	2
108	6	a	case	108	8
108	7	la	det	108	8
108	8	mammella	obl	108	2
109	1	Non	advmod	110	1
109	2	perché	mark	110	1
109	3	più	advmod	110	1
109	4	ch'	mark	109	7
109	5	un	det	109	7
109	6	semplice	amod	109	7
109	7	sembiante	nsubj	110	1
110	1	fosse	advcl	114	6
110	2	nel	case	110	4
110	3	vivo	amod	110	4
110	4	lume	obl	110	1
110	5	ch'	obj	110	7
110	6	io	nsubj	110	7
110	7	mirava	acl:relcl	110	4
111	1	che	mark	111	3
111	2	tal	nsubj	111	3
111	3	è	acl:relcl	109	7
111	4	sempre	advmod	111	3
111	5	qual	nsubj	111	7
111	6	s'	expl	111	7
111	7	era	xcomp	111	3
111	8	davante	advmod	111	7
112	1	ma	cc	112	4
112	2	per	case	112	4
112	3	la	det	112	4
112	4	vista	obl	114	6
112	5	che	nsubj	112	7
112	6	s'	expl	112	7
112	7	avvalorava	acl:relcl	112	4
113	1	in	case	113	2
113	2	me	obl	112	7
113	3	guardando	advcl	112	7
113	4	una	det	113	6
113	5	sola	amod	113	6
113	6	parvenza	nsubj	114	6
114	1	mutandom'	advcl	114	6
114	2	io	nsubj	114	1
114	3	a	case	114	4
114	4	me	obl	114	6
114	5	si	expl	114	6
114	6	travagliava	root	0	0
115	1	Ne	case	115	6
115	2	la	det	115	6
115	3	profonda	amod	115	6
115	4	e	cc	115	5
115	5	chiara	amod	115	6
115	6	sussistenza	obl	116	5
116	1	de	case	116	4
116	2	l'	det	116	4
116	3	alto	amod	116	4
116	4	lume	nmod	115	6
116	5	parvermi	root	0	0
116	6	tre	nummod	116	7
116	7	giri	nsubj	116	5
117	1	di	case	117	3
117	2	tre	nummod	117	3
117	3	colori	nmod	116	7
117	4	e	cc	117	7
117	5	d'	case	117	7
117	6	una	det	117	7
117	7	contenenza	nmod	116	7
118	1	e	cc	119	1
118	2	l'	det	118	3
118	3	un	nsubj	119	1
118	4	da	case	118	6
118	5	l'	det	118	6
118	6	altro	obl	119	2
118	7	come	case	118	8
118	8	iri	obl	119	1
118	9	da	case	118	10
118	10	iri	nmod	118	8
119	1	parea	conj	116	5
119	2	reflesso	xcomp	119	1
119	3	e	cc	119	6
119	4	'l	det	119	5
119	5	terzo	nsubj	119	6
119	6	parea	conj	119	1
119	7	foco	xcomp	119	6
120	1	che	nsubj	120	7
120	2	quinci	advmod	120	7
120	3	e	cc	120	4
120	4	quindi	advmod	120	7
120	5	igualmente	advmod	120	7
120	6	si	obl	120	7
120	7	spiri	acl:relcl	119	7
121	1	Oh	discourse	121	4
121	2	quanto	advmod	121	4
121	3	è	cop	121	4
121	4	corto	root	0	0
121	5	il	det	121	6
121	6	dire	nsubj	121	4
121	7	e	cc	121	9
121	8	come	advmod	121	9
121	9	fioco	conj	121	4
122	1	al	case	122	3
122	2	mio	det:poss	122	3
122	3	concetto	obl	121	9
122	4	e	cc	123	2
122	5	questo	nsubj	123	2
122	6	a	case	122	7
122	7	quel	obl	123	2
122	8	ch'	obj	122	10
122	9	i'	nsubj	122	10
122	10	vidi	acl:relcl	122	7
123	1	è	cop	123	2
123	2	tanto	conj	121	4
123	3	che	mark	123	5
123	4	non	advmod	123	5
123	5	basta	advcl	123	2
123	6	a	case	123	7
123	7	dicer	xcomp	123	5
123	8	poco	obj	123	7
124	1	O	mark	124	2
124	2	luce	root	0	0
124	3	etterna	amod	124	2
124	4	che	nsubj	124	8
124	5	sola	advmod	124	8
124	6	in	case	124	7
124	7	te	obl	124	8
124	8	sidi	acl:relcl	124	2
125	1	sola	advmod	125	3
125	2	t'	obj	125	3
125	3	intendi	conj	124	8
125	4	e	cc	126	4
125	5	da	case	125	6
125	6	te	obl	125	7
125	7	intelletta	acl	124	4
126	1	e	cc	126	2
126	2	intendente	conj	125	7
126	3	te	obj	126	4
126	4	ami	conj	124	8
126	5	e	cc	126	6
126	6	arridi	conj	126	4
127	1	Quella	det	127	2
127	2	circulazion	nsubj	131	2
127	3	che	nsubj	128	1
127	4	sì	advmod	127	5
127	5	concetta	xcomp	128	1
128	1	pareva	acl:relcl	127	2
128	2	in	case	128	3
128	3	te	obl	128	1
128	4	come	case	128	5
128	5	lume	obl	128	1
128	6	reflesso	amod	128	5
129	1	da	case	129	3
129	2	li	det	129	3
129	3	occhi	obl	129	6
129	4	miei	det:poss	129	3
129	5	alquanto	advmod	129	6
129	6	circunspetta	amod	127	2
130	1	dentro	obl	131	3
130	2	da	case	130	3
130	3	sé	obl	130	1
130	4	del	case	130	6
130	5	suo	det:poss	130	6
130	6	colore	obl	131	3
130	7	stesso	amod	130	6
131	1	mi	iobj	131	2
131	2	parve	root	0	0
131	3	pinta	xcomp	131	2
131	4	de	case	131	7
131	5	la	det	131	7
131	6	nostra	det:poss	131	7
131	7	effige	obl	131	3
132	1	per	case	132	2
132	2	che	mark	132	10
132	3	'l	det	132	5
132	4	mio	det:poss	132	5
132	5	viso	nsubj	132	10
132	6	in	case	132	7
132	7	lei	obl	132	10
132	8	tutto	advmod	132	10
132	9	era	aux	132	10
132	10	messo	advcl	131	2
133	1	Qual	nsubj	133	2
133	2	è	advcl	136	1
133	3	'l	det	133	4
133	4	geomètra	attr	133	2
133	5	che	nsubj	133	8
133	6	tutto	advmod	133	8
133	7	s'	expl	133	8
133	8	affige	acl:relcl	133	4
134	1	per	case	134	2
134	2	misurar	advcl	133	8
134	3	lo	det	134	4
134	4	cerchio	obj	134	2
134	5	e	cc	134	7
134	6	non	advmod	134	7
134	7	ritrova	conj	133	8
135	1	pensando	advcl	134	7
135	2	quel	det	135	3
135	3	principio	obj	134	7
135	4	ond'	case	135	6
135	5	elli	nsubj	135	6
135	6	indige	acl:relcl	135	3
136	1	tal	advmod	136	2
136	2	era	root	0	0
136	3	io	nsubj	136	2
136	4	a	case	136	6
136	5	quella	det	136	6
136	6	vista	obl	136	2
136	7	nova	amod	136	6
137	1	veder	xcomp	137	2
137	2	voleva	conj	136	2
137	3	come	mark	137	5
137	4	si	expl	137	5
137	5	convenne	ccomp	137	1
138	1	l'	det	138	2
138	2	imago	nsubj	137	5
138	3	al	case	138	4
138	4	cerchio	obl	137	5
138	5	e	cc	138	9
138	6	come	mark	138	9
138	7	vi	obl	138	9
138	8	s'	expl	138	9
138	9	indova	conj	137	5
139	1	ma	cc	139	3
139	2	non	advmod	139	3
139	3	eran	conj	137	2
139	4	da	case	139	5
139	5	ciò	obl	139	3
139	6	le	det	139	8
139	7	proprie	amod	139	8
139	8	penne	nsubj	139	3
140	1	se	advmod	140	3
140	2	non	advmod	140	3
140	3	che	mark	140	8
140	4	la	det	140	6
140	5	mia	det:poss	140	6
140	6	mente	nsubj	140	8
140	7	fu	aux	140	8
140	8	percossa	conj	139	3
141	1	da	case	141	3
141	2	un	det	141	3
141	3	fulgore	obl	140	8
141	4	in	case	141	5
141	5	che	obl	141	8
141	6	sua	det:poss	141	7
141	7	voglia	nsubj	141	8
141	8	venne	acl:relcl	141	3
142	1	A	case	142	4
142	2	l'	det	142	4
142	3	alta	amod	142	4
142	4	fantasia	obl	142	6
142	5	qui	advmod	142	6
142	6	mancò	root	0	0
142	7	possa	nsubj	142	6
143	1	ma	cc	143	3
143	2	già	advmod	143	3
143	3	volgeva	conj	142	6
143	4	il	det	143	6
143	5	mio	det:poss	143	6
143	6	disio	nsubj	143	3
143	7	e	cc	143	9
143	8	'l	det	143	9
143	9	velle	conj	143	6
144	1	sì	advmod	144	2
144	2	come	case	144	3
144	3	rota	obl	143	3
144	4	ch'	nsubj	144	7
144	5	igualmente	advmod	144	7
144	6	è	aux	144	7
144	7	mossa	acl:relcl	144	3
145	1	l'	det	145	2
145	2	amor	obj	143	3
145	3	che	nsubj	145	4
145	4	move	acl:relcl	145	2
145	5	il	det	145	6
145	6	sole	obj	145	4
145	7	e	cc	145	10
145	8	l'	det	145	10
145	9	altre	amod	145	10
145	10	stelle	conj	145	6
